KnpLabs/Gaufrette,appveyor.yml,422a4597f6041579343f92b508da590934c8108d
rvm/rvm1-ansible,tasks/rvm.yml,b75ec447107b03dfb49253d5867a23fcd1f8044e
anche-raja/misc,curl.yml,9eaceaf57e6cf066d1e9d75d843cd16d79c3e44f
wemake-services/wemake-vue-template,template/.gitlab-ci.yml,8deb25167f237ce1fcdfd0808b68bc939300a097
Nriver/trilium-translation,docker-compose.yml,4736c8469ce6c418b7b8b79ee0db93d69649836c
dingwilson/SwiftVideoBackground,.travis.yml,6493b1bc73f3c1eb33d67b691edd4868e469b2f8
Deishelon/RoundedBottomSheet,jitpack.yml,c678ba786abb44344a44f1cdf2409fae7cefa85f
aws-cloudformation/aws-guard-rules-registry,.github/workflows/ci.yml,c907de5449e2c2d3579f60824736998afa01184c
MishaLaskin/curl,conda_env.yml,fffc1a59128b9b6b2d165024f5ed25c9d3b34cf0
PGBlitz/Apps-Community,apps/video.yml,9f9a7aa333f42657510a587764fee9c1dbd12255
google/trillian-examples,codecov.yml,eb0b7c9312c32f9a1863353545de645e213af36a
DOUBLE-TOP/guides,avail/update-full.yml,4b7efb7f5cd2d8a599c8dd3a6d3e997c6b99ccae
GSA/i14y,.circleci/config.yml,72a51880df2018924c63ddb916aab207bc67c460
zsvoboda/ngods-stocks,docker-compose.no.datahub.yml,3099ea5a8444e0e31a1683bc0c3f7cbe387e3336
antmicro/renode-board-visualization,.ci.yml,739b4fd2b7993607d80eac7073f27b11b8768d6b
eknkc/basex,go.yml,8a0740645934d1a732931d9fca0d7585115e1506
ktruckenmiller/ecs-cluster-deployer,ecs_cluster_deployer/compute/ubuntu_user_data.yml,21cffcd412b40d017d52454ca1032db6b424dcf0
siddharthdevilz/TwitterDataAnalytics,playbook.yml,b2df5677a0f0ecea30c9a6b181bc852974542587
director-run/director,.cursor/rules/documentation.yml,3389165b03afca94f73f03e164d7a00c66025886
justjavac/deno_serverless_aliyun,s.yml,5978cb624811ebb096c2d688d588fdac43ce9334
Pandaura/PTS-Team,menu/functions/autoheal.yml,f569c3298b2019455e0219b05d039561d8be062c
lsulibraries/dora,roles/ldl/tasks/theme-dev.yml,5b95f7b3cdfe14d2b6356bd958d175b9bf2ed5fc
Pandaura/PTS-Team,menu/dependency/dependencydeb.yml,f46cd3595e5819c15b20ad7a95cb211be0f72075
chipmuenk/pyfda,recipe/.travis.yml,37d1e5e5c3315a3b4d4d31f22f80aac9d7c9e677
jodyphelan/NTM-Profiler,env.yml,22c53fa78542a90326359be4d1a11f3a69e57934
StephenGrider/DockerCasts,complex/.travis.yml,8506836a08f0333685b616f66127ea0cd629d956
CHINuit/xmrstakt,.appveyor.yml,c336842d5d34d5e2f3cc174b83bd4c853c029693
HawksRepos/PTS-Team,menu/roles/docker/tasks/main.yml,3cba9d3367463ae2de05110f2f006f31b1fa0ac9
Pandaura/PTS-Team,menu/functions/portainer.yml,d3ab718fabb06b321ea01059dabb5b944e4a121d
jawngee/knowledge-base-trellis,roles/common/defaults/main.yml,1dcdd38d1560ea59bf4094da01b09f8a29db91fd
MrE-Fog/curl25,.github/workflows/spellcheck.yml,65a7da10c5b7ce83f15a40a4f302bd766ed33b3b
felix-kaestner/dotfiles,roles/minikube/tasks/main.yml,221ebc0583f3208bc152c8730aaf8becca2c9589
razumv/trash,drosera/install.yml,480489475e74e288181271a612c5ca499a4bc07e
dariogoetz/keyboard_layout_optimizer,config/evaluation/default.yml,16083c78645a995f620fb317fd2519c6c2b47b6c
godong9/ansible-deploy,roles/web-healthcheck/templates/main.yml,bde4965be7e9376b8e18298f931c4a46c08057f8
STARTcloud/startcloud_roles,roles/php/vars/Debian.yml,d03d1f9d25ea9b0f95014b6befda3ceb9b1a88bc
esohkevin/popgen,R2.yml,ec05d50c237113436dda93b52d859aee46fc3830
CIRCLECI-GWP/ml-workflow-circleci,pulumi/runner_cloud_init_base.yml,f89cf57f5c6ec8204aa95928aaf0ed408ceebd44
CIRCLECI-GWP/ml-workflow-circleci,pulumi/modelserver_cloud_init.yml,5f3bb6de2e5c517666e92d5308f4adefb50175a0
m-chandler/factorio-spot-pricing,cf.yml,b8c27e71132725036abc0593375608e1023cda73
cncounter/translation,tiemao_2019/06_elasticsearch/docker-compose.yml,bb99575d7eefdb0cbd4f525fd91cf4bd52eeff36
Lissy93/bug-bounties,bounties.yml,218f91831d10b0637892813f3bfa9f3b407c2c57
aws-samples/aws-codecommit-pull-request-approver-demo,buildspec.yml,1efafcfb7ffb02b6f28db10a750ea38236e22e13
rrooddooxx/cloud-native1_grupo9,bff/install-ec2-image.yml,cc05c21ca4bb33fb441210442725761ff641e68a
abdellahomari87/DevSecOps-Netflix-Clone-CI-CD-Security-Monitoring-on-AWS,monitoring/prometheus.yml,8b01e55b9b2fbcdc321ad478f4e8bc4d7288fe9d
infamousjoeg/cyberark-ansible-lamp,aim.yml,08b5f1dd52ba45d7f0c4770c209dbffe668ebf6f
DCSO/MISP-dockerized,0.1.1/container/misp-proxy/Dockerfile_alpine.yml,ed404f0a575496ccfa75816f3df05664adf0c63f
HeSunPU/DPI,DPI.yml,316134dc684dfdd273e80cb66531a18ffe9178bb
patrob/mymcp,infrastructure/cloud-init.yml,9c64f81052eb9043296100e98d667cd9ea0aa22c
denverdino/distribution-fuse,circle.yml,e43ecb66d4c11aee6195bc3ef4d097783e6d2444
ShashiBurla/gh,BurpNew.yml,0aab910aac0570e15874782828278faeba92cf7c
eternalai-org/eternal-ai,ai-architectures/knowledge-base/milvus-docker-compose.yml,8945531a40413984039171a6cc6c173f20fe91a5
algotradingsoc/reinforcement_learning,RL.yml,c514ee0bcb9a130f7c4c7b6da2b687f4f9f430d7
VenimK/rustdeskosx,.github/workflows/bridge.yml,54180ccdd345ef603530e27af02efa85edca55fc
lsemenenko/wordpress-honeypot-docker,user-data.yml,9364948380c2cd45b2dc3f3d9a7a95f8da5dbbeb
projectodd/openwhisk-openshift,persistent-template.yml,838dbec0a325130bc668f71510dc8b1421056821
maxive/os,scripts/hosting/digitalocean/cloud-config.yml,de7715260ff6e66971b9d6e5210ebb715852a8eb
bcgov/ENV-ALERT,dc.yml,783c17948abe54f571dddb8742e8aec7d5eb16a2
pranjalmaheshwarii/Shell-Scripts-,install-helm.yml,329d638d99eb8b836513de213b27817b7164b6c5
bart-lg/geocropper,env.yml,2837afbc9b2d92bd761515b8b159d5e61d844fb2
sonatype-nexus-community/circleci-nexus-orb,orb.yml,2aeefb0b5cbf9f878d1dc4a274acd74a3e1e7270
lknhd/kubernetes101,zsh.yml,0f5ce777686fbe10550d50793697418d702ef0f6
lgarma/research-assistant,docker-compose-milvus.yml,440c314da3aee90db5e3b7eab392d41f97eb4f33
ravigadde/kube-scheduler,cluster/libvirt-coreos/user_data_master.yml,2e5f0764d4f47ccdb52203f2841a0cc2f6103e6d
DevAnhDev/document_devops,Docker/scripsetting.yml,5d4af12a58d129a4d09dd61fc2972e204e6909a0
linuxacademy/content-ansible-playbooks,Playbooks/usecases/redhat.apachewebserver/handlers/main.yml,444df8db432b54b6a23995c5450305293035a597
praetorian-inc/noseyparker,crates/noseyparker/data/default/builtin/rules/gitlab.yml,b5b85b465315ccbe0b7ed88af1c06dfc7a4ef8bf
cbg-ethz/scIsoPrep,snake/envs/SQANTI3.conda_env.yml,ebea9ffcdf8a9f43d84a867ffd55ac054cedf7db
arehmandev/abs-kubelab,modules/bastion/user-data.yml,021e0d6150296c4b03400d6bf598472178557559
751836594/live-chat,advanced/vendor/codeception/base/wercker.yml,9821c2146caaa6bf8acbe2dc61a82c66f6905453
lrsjng/jquery-fracs,.eslintrc.yml,5734ff20063d5ed7a77d86243abdc72bac3c6fee
Princeton-Election-Consortium/data-backend,moneyball/env.yml,6cd6b4d277eef2326f6f7b8c2d730699058b65ee
jualvarez9/iac-juan-test-aws,.yml,dbe9adbe62fb21d08870c228ff20e3bc774a30a0
bpfs/defs,bitset/azure-pipelines.yml,f9b295918404f10aa91f0c95760a8454f615b741
ksatchit/randomData,1.yml,d68f883e5ce1d5139c5b30c0622ae311041718a3
ninadingole/docker-compose-stacks,metabase/docker-compose.yml,f30647e27822ff22bd2209c26930e045ae14ee49
sunandita/ICAPS_Summer_School_RAE_2020,RAE.yml,89eeaad8a427c1455acca89bccc8c1783e9294fb
databricks/spark-redshift,.travis.yml,b2e0505be2f1e9944c8d6c02c6f416194124f4ec
snabela/AECTech2023,.gitpod.yml,1ff3e29d83bab6f13570e49164da885d4cf80221
jorsat2025/jorsat,k8s-vanilla/vagrant/script-deploy-k8s-vagrantfile.yml,bd00eef22832b23af2835253a7a63ba0062b432e
shifty11/cosmos-notifier,dev.yml,3bbfecf719f94551139134a32180ac1e99c5fe53
holms/ansible-coreos,do.yml,7fc6b498fcdb29c6df9f8cd6339a302a98b9637b
pyscaffold/ci-tester,.cirrus.yml,eddf78cd78cc86d4eb5e88a6c87f464dca1ce9b4
rickmanley-nc/laptop-configure,vpn.yml,4b0466f741960046a3f5344d7169097e19db4b31
mmehta-10/selenium-grid-fargate,cft.yml,18312d30c5fc5abc703976dc9d9f19107e549852
kelvintaywl/control-flow-orb,orb.yml,3c161254582f3bd08b9e3ac29c854abb7c103873
data-to-insight/d2i-linux-build,dev/build.yml,2454e0a0f3cb2cde269f1fdddb26c52140bff931
robin/chitsheet,bp.yml,94d999e7a4313e932204ef01dd792a381bb6c6e6
Venka97/climART,env.yml,4b2b8afdb24ead1a3e924664d4ab9f3b129d7519
nfdi4health/docker-vambn,R.yml,ef35110a87b3432a2fe5b631dd3c92b3b627ca39
HawksRepos/Apps-Community,apps/qbittorrent-vpn.yml,a7b42491f4282879a8a1d310d04feec5c6039bbf
IGDEXE/Veracode,Az DevOps/Go Parallel.yml,a2cdcb7db02ef4f3b1c0980883a27b1f305b051d
kc-dot-io/sample-app,ops.yml,3305fe7d6e5ca518f3b2c9d12a436167015ed42b
levisimons/eDNAExplorer,env.yml,48e17ef2893e14c83f24e4023a96b836e86f7799
redhat-cip/dci-dev-env,dci.yml,342f79fe368473cf530d834df22b68b2855d47cd
GenuineArt/langflow-ai,.github/workflows/release_nightly.yml,eb52173ca7fe3434713e8aee2728f19f34379489
nickjj/ansible-pumacorn,.travis.yml,b189ed9243c8f8fd774d17a5e4ac8c2fff74b9e6
b-turan/transformer_pytorch,env.yml,06718815e1c713f98fa2a7b96f995ebcf4af9703
goffinet/ansible-role-jenkins,tasks/main.yml,c3029293c23a6d865e04955c21a4ddda5955dab7
yhhhhhhLin/yh-api-backed,a.yml,04f70518ca5df5e14767d6acfa3bc0092ae6fbd9
cetic/6lbr,.travis.yml,0a579d56a5def9b803e740628cd548748c197062
Traackr/ansible-elasticsearch,tasks/spm.yml,72f3cf49eed6f42c4d75bcf6cc29f64e108be620
rakam-io/rakam-api,app.yml,476807f3347ea914b32066e2a78652e50b26591e
RocketChat/Rocket.Chat.Ansible,vars/Debian.yml,cff4794aaf04d50c2e978d42f1b6e7619e27229d
MartialBE/one-hub,docker-compose.yml,0e8c75d99fdc5df132ecaa7bd416db6e7b6df123
mikeiacovacci/axiom-data-demo-x,wget.yml,14f94faf94b03c58d51cfe13d4092d80c9d7f177
DOUBLE-TOP/guides,avail/update-full.yml,4b7efb7f5cd2d8a599c8dd3a6d3e997c6b99ccae
aws-samples/aws-codebuild-samples,buildspecs/sonarqube.yml,91d30f71aa94702d861813c9bb495789a0edd3a1
phpWhois/phpWhois,.travis.yml,7e96aaf352416d426e93069434e40a0b05548f68
chipsalliance/synlig,.ci.yml,842aedc826434b34b6c0516aff37b77792f20308
fieldsoftheworld/ftw-baselines,env.yml,73fa14c54628877b05826bc892730b9a6127218c
crond-jaist/cyris,examples/dmz.yml,d764ef9b82d7acc7ab83bf84a5c683cc352999af
dataspects/dataspectsSystemBuilder,dataspectsd___config.yml,975db8dad628cc859ea9612032be06abd587416e
hedzr/cmdr,.bgo.yml,128df56bd5ca529338d11c834a5f70d6e611d190
dashpay/dash-dev-branches,.github/workflows/predict-conflicts.yml,45969660b0cca383b9e4299226ce03ad5c884fff
sambacha/solidity-ci,init-pipeline.yml,883cd77e43ff0b8069af24decb068eb3b8dd0291
BioOmics/iSeq,iSeq.yml,326d9cd9a23d72fa05b4c19847999d47562b4381
ruanbekker/thanos-cluster-setup,0-scripts/install_alertmanager.yml,03cf7ba94a305b6530a6d4a4a55c283ef7547044
NBISweden/workshop-reproducible-research,tutorials/nextflow/environment.yml,5e38a480c4be81dce3ca90e8ce8011004c6cf64f
kuznia-rdzeni/litex_,.github/workflows/ci.yml,52d3f4f0d9df601869e6a32cd8c681aa3c9004c6
galilean-traders/droplet-setup,config/user_data.yml,2e65fdb7cade2ff29ef6199f08203c22f757abee
softwaregroup-bg/ut-codec-payshield,.gitlab-ci.yml,edba37fae451dea6292e7b3c7094b121c427e25b
Pandaura/PTS-Team,menu/dependency/dependencydeb.yml,f46cd3595e5819c15b20ad7a95cb211be0f72075
sh3d0ww01f/WaterDragon,main.yml,198399b4b285d1e94310c68b39c6df7257268cd6
ethanflower1903/microservices-project,infrastructure/jenkins-server-cfn-template.yml,e23162881c29da553abe0b2f448c37c1d9cd7c65
data-to-insight/d2i-linux-build,dev/build.yml,2454e0a0f3cb2cde269f1fdddb26c52140bff931
obi-ml-public/ehr_deidentification,deid.yml,85c6314a480cc76a44c1dbe937d4c266f4a9ac63
h3abionet/h3agatk,tools/bwa-docker.yml,0c581412f7ad7d3f693ad4f7454080da90ceec4e
h3abionet/h3agatk,tools/alea-docker.yml,e66369b1fcb9214843014d92853231c6ce232fcd
WhisperNode/whisper-installers,install-promtail.yml,6b1b6069cacfdf13ee47c5306a1d486e9dd01bf1
h3abionet/h3agatk,tools/bedtools-docker.yml,e70c873f9cc7c3374156ca9d377318b5167e1db4
h3abionet/h3agatk,tools/samtools-docker.yml,dc0f4db9bd3332f45508fef9872fe15403ddfa62
intersun/LightningDOT,DVL.yml,8fd3ed7bbcad3a6cfeec84118b4001417ead76f4
GSA/site-scanning-engine,apt.yml,bb8658c7c96fd5573658385938d8d68291d0376a
titel-media/openvpn-orb,orb.yml,facc61f66d7d7cce0ec8e8826a8d2e17fbb754c7
18F/site-scanning,apt.yml,df9af07609caf7bb13a9432c361bf98f2f2611d8
h3abionet/h3agatk,tools/ucsc-userapps-docker.yml,4b81d5b066792f9055656098a1fbaa1cbbc43616
mbcellphone/workflow-test,pages/hugo.yml,6e40b040b086cc9823c5959d81156392b1709e7b
arun-devops-hub/maven-web-app,commom-binaries.yml,c049bff6da4faad98678c749a7e28f4945d49fac
techarkit/ansible-playbooks,loop.yml,673aa364ebcfd4e4ec2d6656c5398df58bbb4e1d
laudspeaker/laudspeaker,docker-compose.yml,656f171a2605308cecf7788ec5b81abd0c9efbf1
ayushrajani07/scripts,docker_compose.yml,55033e600c62dd46cf8ca401d2c695dff2402fd4
Pandaura/PTS-Team,menu/roles/docker/tasks/main.yml,f87a1a1a1cb804dc23d73324170f32569682f6b2
DroidsOnRoids/bitrise-step-sonarqube-scanner,step.yml,6b102eea8748196290d82523cdbe3e986cf619c3
lovoo/bitrise-step-github-release,step.yml,d63f6e980381ae0df1c374b7ea0b2c642797f3cb
robin/chitsheet,curl.yml,91e9930fb0163953ece79f298062067b304014bb
HawksRepos/PTS-Team,menu/roles/docker/tasks/main.yml,3cba9d3367463ae2de05110f2f006f31b1fa0ac9
PGBlitz/Stage,ymls/dependencydeb.yml,5da5d4e8a83cd9a769c657192ffbc6b54de7ed48
bixxzy326/bixxzy326.github.io,.github/workflows/deploy.yml,b0004fb04007e61fb7b80c1f208431c09c78c8ac
ajazam/cassandra_pi,setup.yml,a5b6280e99863c8663cb3a7496a1eac4f5ee8df6
robin/chitsheet,sh.yml,fe1faa77f3181aea756d01cf2e5074e820e11be0
sangrockEG/S2C,s2c.yml,9497e1ecc0ee7135dfdcaad7239b89550ec90254
bitrise-steplib/step-template,step.yml,3e8222d5e9938d59252d9a897fe1476e33f462f1
maxive/os,scripts/hosting/digitalocean/cloud-config.yml,de7715260ff6e66971b9d6e5210ebb715852a8eb
7h3rAm/writeups,meta.yml,eb2410117c218b833158fbc617efc8d01e8c0b61
fusion809/AppImages,recipes/meta/atom/atom.yml,e0b4fd0e664b79b1582ffda0fbb487c03975409f
Lizdev-05/hello-react-rails,.github/gitflow/linters.yml,e24c99927a47b7ddb2da23370331397a85810ff2
fabaff/fsl-test-bench,fsl.yml,04386f7a76d276742a692e8fc89cb41842eb2de7
hankthebldr/CDR,cdr.yml,92d2ceee2ec8f030ef064c2374224a394a2d2fcb
KomodoPlatform/antara-makerbot,lgtm.yml,149a1d0df4cd00ac92686d4b645fce936fdba0fa
infamousjoeg/cyberark-ansible-lamp,aim.yml,08b5f1dd52ba45d7f0c4770c209dbffe668ebf6f
chyke007/Yum-food,main.yml,8554b21dcc24a9426c65b16bae3efb281ab4df02
xogroup/bitrise-step-slack-notifications,step.yml,dbd3091e1de6bef84f20e4e0b46d8674f08d597c
xogroup/bitrise-step-danger,step.yml,c194ed07a472ab8700454f179ec59dd25910b706
bitrise-steplib/steps-heroku-deploy,step.yml,dee3cc784c047c00f178561009b9edfe2d404732
Mayer123/UDT-QA,cos.yml,3363bd9a47c5159097840a6289429959f66c2d1d
staltz/ssb-room,app.yml,ad18c128ab5cb71075fb8090968060ddc342b250
projectodd/openwhisk-openshift,persistent-template.yml,838dbec0a325130bc668f71510dc8b1421056821
netguru/bitrise-step-ng-jira-step,step.yml,5bb2918b5d425d00218e8d17e5f0011be1ae5302
ahdinosaur/ssb-pub,app.yml,7b8d5a783d492b9d7b5637f3b321461f4478f0a3
VaultaFoundation/silkworm,lgtm.yml,ed141f71cafa8267875bf4cc7fb2b8da2579e5cb
PGBlitz/Stage,ymls/dependencyubu.yml,f763dd74a6b3b36cb18b1c185b1ed355aa6240ee
repeato-qa/bitrise-repeato-cli-step,step.yml,b94cfa5f74c4fa9ef43ed577d490a48960a1f366
mendersoftware/uboot-mender,.gitlab-ci.yml,0f5271dcd3080cd0a32095c207e94a24f63766cd
maplemedia/bitrise-step-scrimshaw,step.yml,3a22594150e69e305522a0eddd043287b09edb9b
PicPay/bitrise-step-scoped-gradle-runner,step.yml,082b814aa4762b92c10dedd77a47618f35f00c88
cookpad/bitrise-step-snowplow-micro-start-collector,step.yml,368c799bf91383e080e21fab5134de3f260ba080
ChargePoint/bitrise-step-moravia,step.yml,2bed56d703453d0ff7e8f382d9e958ca1d168b9e
SaikatCool/puppeteer-cloudfoundry,apt.yml,770196a2166eaab95d8d0b9db2d1f685c9bb89ef
Khan/bitrise-measure-aab-step,step.yml,1a2f04a08ccfee83dc52e017ff6ef0434477f88a
mendersoftware/mender-mcu-integration,.gitlab-ci.yml,7fb4f234ae5bdb778063bf5ef50218d8c22f03b8
EC-Mobile/bitrise-step-gojira,step.yml,e77f576527a70026852b9c5ce43de350504cf798
angelolloqui/bitrise-step-google-play-rollout-update,step.yml,1bb50433fb736fb737593816ef57d216e657b2df
Milek7/haiku-work,lgtm.yml,1e71806bb60a779c3e6856e9e89688b20cd9708f
mies/technomancy.us,posts/150.yml,b36a9d97af741848a3fbf17d57c3667f862b4757
titel-media/wireguard-orb,orb.yml,f6e95b0e1dbfe8d4808411da5e1f6f2ef5243644
roadtrippers/bitrise-github-step-ios,step.yml,545bba9e077dce3e4d6d25544f97843167aad06e
Foodvisor/bitrise-step-bundle-updater-ios-foodvisor,step.yml,3e9a5a05d5f6a70ad82f65f8312a87e17cfe799b
domecloud/kong-workshop,loki.yml,28e974c00079c0d7227e7fa3c4afb112a1f1940d
Guestlogix/bitrise-step-traveler-version-upgrade,step.yml,d0900665f9a1abb02d62112fc698f7627c7473e9
Guestlogix/bitrise-step-traveler-git-tag,step.yml,5f7eccb16ea33fba9800c8c4e992d10750c643ef
bytedance/apm,apm.yml,c81af07899be66567b56a397d034cc3484dd10ac
surume/dotfiles,apps.yml,50fe412ae4afcaf1aba0d9faea07a56d30b33e78
titel-media/terraform-orb,orb.yml,bb76ba569f61c334d002ff829e579e796e50fa2e
marcelkalveram/bitrise-step-browserstack-upload,step.yml,41dd292c028ec04243d3b5212502774ea77e5431
Waracle/bitrise-step-bitbucket-snippet-runner,step.yml,8e2c6e1d56fefa63ebbd98b05183e7f7b7fff7c5
meilirenTV/tv,iptv.yml,670d5757b496e83dcd3621cf46ab7342417ab297
viktorbenei/bitrise-step-install-android-ndk-version,step.yml,75c3dbb74399bccf5c8b9d23aff2e67bf722fc72
tyrchen/aiva,lima.yml,58bdd41cced6a3e223690a16cde8a1d6843a75c2
Foodvisor/bitrise-step-initiatives-synchronizer,step.yml,5356c4c60dc260bf082e4ecbbac3673f5246b196
aws-cloudformation/aws-guard-rules-registry,.github/workflows/publish.yml,808cb28c74276f170b62e093674564346292886c
trevorbayless/cli-chess,.github/workflows/pypi-publish.yml,664bd391a7f84c1b14f0848bfa270fe5c5a45816
dwyl/phoenix-liveview-chat-example,.github/workflows/cd.yml,07f37aaf61a3ed336e98d0281777ef6e8327774f
CertifaiAI/classifai,.github/workflows/auto_comment.yml,d823842d337871ff0da8f7ec16137880ae344edd
aws-samples/amazon-chime-sdk-click-to-call,.github/workflows/upgrade.yml,fcc3a215e03799f3cbba996421d56636c55f59d4
adafruit/Adafruit_AW9523,.github/workflows/githubci.yml,da00b5b1c4f4b78b22066e92d303df4f5df34dc5
CrowdStrike/ember-headless-table,ci.yml,ff5c2ce2a6c9469a19c7f1287f6af388969bb468
suyuan32/simple-admin-vben5-ui,.github/workflows/deploy.yml,93ac4ece4d1ea012b0e2a142a0807bdbe2f2c477
arquivei/foundationkit,go.yml,cb8dee7882d3b94dad0f991557f14d9a08ce7020
Ysnsn/mimotion,run.yml,d720cef468cf10664653d9451050e293ed91ca0a
WildCodeSchool/create-js-monorepo,template/.github/workflows/deploy-traefik.yml,08ccdf98df0936a87bb37355b1bd32ab593de4bb
g2entgroup/creative-ui-2.2,.yml,0318cffc5aa288c93f8fc3cb737057096efb8847
rpmuller/MolecularIntegrals.jl,CI.yml,32e0bfd7158788626435a9b0b5fa61e0dccafe0e
YOU-i-Labs/harfbuzz,.github/workflows/linux-ci.yml,9eec5c1dd8970a0e71daff32bfc344d29e04f57d
dashpay/dash-dev-branches,.github/workflows/predict-conflicts.yml,45969660b0cca383b9e4299226ce03ad5c884fff
121eCommerceLLC/github-actions-magento-2,main.yml,15eea84d68fef7b5263f22f142be055a06f4b0b6
etherfi-protocol/etherfi-avs-operator-CLI,.github/workflows/avs_rewards_claim.yml,dcf0543852d2a7188762c19a2d387e4aaf8d9dc6
vsuresha/ssss,ss.yml,fe8ef2c111dbbda71317472c647957adf7dfd7b8
wix-playground/auto-pr-action,.github/workflows/enable-auto-pr.yml,4139c149a3502abf23ff71b9ac3f94b88f0a6502
Android-Artisan/LineageOS,z3s.yml,def8c5f1092b5bf608869ad064d800f966cd027b
fasten-project/debian-license-feeder,DLF.yml,ad69222aec7c2d5af09705a269aca625acba2e1e
jyotidabass/PCOS-APP,.github/workflows/google.yml,924155018fd4aa874911df774f6fe9e172aad00e
svopper/munaiah-analyser,out/checkstyle/checkstyle/.github_workflows_diff_report.yml,f40e1156ea71b59f9e94b7ed0c113985d00276ec
Doric-Blockchain/doric-explorer,.github/workflows/release.yml,385b836cb90763c9273fdd935cb509ae7ba887b4
lib-pack/ghseek,.github/workflows/contributors.yml,9d22aa160c1ac5ee487a5fcc4679af98df470f1e
Doric-Blockchain/doric-explorer,.github/workflows/pre-release.yml,2a83968a043e91d412d46d715b3cd3a4ac44a810
Doric-Blockchain/doric-explorer,.github/workflows/release-fuse.yml,1a9e41004e3a8cd458d370d811da1d79c16de6fd
Manoj-Paramsetti/Algorithm-Warehouse,.github/workflows/greetings.yml,8faf086f5e806bf3abfe89eca42a92baf7cd2454
Doric-Blockchain/doric-explorer,.github/workflows/release-zksync.yml,e0d01276387ebeb529a5348b4fff94f9eb8592a6
Doric-Blockchain/doric-explorer,.github/workflows/release-gnosis.yml,3755089991af8d7f1ad2968a16320b281b8ccfb6
ClouDNS/terraform-provider-cloudns,release.yml,3eb4d1f016dbeae3f9b6ccf1b92fb7f13ea64bee
Doric-Blockchain/doric-explorer,.github/workflows/pre-release-eth.yml,07c436f5727c04868bb3f2dcb38eaf01c62d8780
Doric-Blockchain/doric-explorer,.github/workflows/release-redstone.yml,d85d7c74dfd67de6a9204b32c3d43093f9fdc33b
Doric-Blockchain/doric-explorer,.github/workflows/release-arbitrum.yml,68334f9d55b0a453861913b4aca7380722c6a6c0
DSKonstantin/doctr,.github/workflows/pr-labels.yml,202ecdec4cbbd891be60fd4e9787dcf6395d05b2
Doric-Blockchain/doric-explorer,.github/workflows/release-rootstock.yml,a7ea06531804e57673601281758443cc8d12d3a8
Doric-Blockchain/doric-explorer,.github/workflows/release-zetachain.yml,6d497fd0536f44039953416a917501413a5e6b92
samay825/ProjectCompany2,RDP.yml,9870d10f1aa2663ffb5d924b68dc63419417e13b
sgtest/pinned-axios,.github/workflows/release.yml,d761811e30e1029282d82f6b42e90f504e663803
sagivo/calendso-2,.github/workflows/crowdin.yml,4d2dfb2d2c09d85d42b12f304dc440e2978bf0c2
Doric-Blockchain/doric-explorer,.github/workflows/pre-release-shibarium.yml,8258205844b7bfbaf87d1bb419ea2cf8e437e0f5
Doric-Blockchain/doric-explorer,.github/workflows/release-polygon-zkevm.yml,101068fa38bb2d35851201b994c869b6535be4fa
shoota/gh-react,ts.yml,4abd9f7300c9ae597546ebf9f5b485c9d135011e
xwillxu/xwillxu,ex.yml,995d33719479f63ffbe9d99f260eb82bb76f0755
DiegoJRAleixandre/RemoteID-for-QgroundControl,.github/workflows/linux_release.yml,1826b5b184020028766fa53d05293d93f717d546
tjfernandes/SE2122_57464_58763_57677_58125_63764,.github/workflows/refresh-csl-subtrees.yml,d7cdf3efbf14806680aaaf2bb501e79e3b922a51
tempcat07/spleeter,.github/workflows/pypi.yml,0c206d2d4c10a92438819cbe55c38541e38617a8
icebeam7/wth-065,.github/workflows/azure.yml,d3603015607c5ce77c175c89499e3456d5200559
aiden77mori/evm_chain,.github/workflows/build.yml,e8cb4105f28b51601e08ace4b7bb1757b25bf328
tomasdedic/apache-nifi,.github/workflows/stale.yml,ba127723e23dd0da86585d80de2c4ab9eae23c88
Doric-Blockchain/doric-explorer,.github/workflows/publish-docker-image-for-fuse.yml,9f19e1ef7b58ba037d4c3b0678e70a081301aa8d
Doric-Blockchain/doric-explorer,.github/workflows/publish-docker-image-for-core.yml,07db87141aa34d05b396c6b5263ae882e1335e9f
Doric-Blockchain/doric-explorer,.github/workflows/publish-docker-image-for-suave.yml,fccbaee55ccb7241c0652d6b43bbc20d9ef9d1eb
Doric-Blockchain/doric-explorer,.github/workflows/publish-docker-image-for-zkevm.yml,30270a10c6a9d8d5b6484d54c4f6efe81a398156
Doric-Blockchain/doric-explorer,.github/workflows/publish-docker-image-for-lukso.yml,01f5238a733b5bb55f4539bdd132a8f4b14e993f
svopper/munaiah-analyser,out/sass/sass/.github_workflows_ci.yml,5e3526d73f2bd38bdbfd1ad2d4090f9912034f38
NEST-Protocol/NEST-Workspace,.github/workflows/percy-visual-label.yml,ed6227f5f07557b9674ba1b0bb9abe00ad522ee3
imm515/dizhi123a,1.yml,f5efe7e6eb9a996014de79732742b36397f0416e
chgeuer/github-action-via-user-assigned-managed-identity-to-keyvault-secret,1.yml,77562205669e5fcbed3bbe3d394ef107207f4aff
sseuniverse/crypto,1.yml,29fcdca315d37886491faa5a18e1d62459d611db
wsdevv/n8n-clockify-workaround,.github/workflows/chromatic.yml,d2ebc05320fe8c0fece80d4e943ce872e92b21c4
Doric-Blockchain/doric-explorer,.github/workflows/publish-docker-image-for-filecoin.yml,efc5fcfbd32481405de0cad2e85bcab7f2a1c175
LambdaTest/laser,public/assets/files/root.tas.yml,4d5396bcee06a2b23375f21d0216f2ad6fa7d054
Shivz3232/inovact-nodejs-veyga,aws.yml,965ff9d287a795748c007a4058eaf028b28082d8
zyxunh/diffusers_for_entity_erasure,.github/workflows/ssh-runner.yml,c24905772c8d44949c9863e21e520ba6600e63c5
adamfarizi/hatch_monitor-app,yolov5/.github/workflows/cla.yml,4f87c77701dd7edd426bc8a0d580485a303ad9f7
w1ll14mmoore/https-github.com-Significant-Gravitas-Auto-GPT-tree-v0.4.4,.github/workflows/benchmarks.yml,195ebeffdae939a84262099919d11ba604e2adb1
Doric-Blockchain/doric-explorer,.github/workflows/publish-docker-image-for-stability.yml,d4bfd64a27b2ae9484bbf73e758a491f95350e66
Doric-Blockchain/doric-explorer,.github/workflows/publish-docker-image-for-zetachain.yml,d04c69973293323aef4c6536ee21e761437d5cdd
Foksen/kittygram_final,kittygram_workflow.yml,8bb4bb8dc221b02e11e88903fbfffb7ae9a40a86
geeksbaek/KakaoSeminar,buglabel.yml,a04c5ab71ded82e1754065e20872111a4dfa552f
qqapland/trulyquantumchess,fly.yml,6eee566c50e3c60e2cbca771ae3a30478f294b08
itspranavajay/tamilvip007.github.io,env.yml,1c29b68c387bda0e9b2a547dc40bdbe8f972ad11
putiadiva/HiDay,tnd.yml,1a2a965256f82916fc0912bc1aad3c672708b81d
bryanmahdavikhia/Bimbol,tnd.yml,0d8756422dd31021da7f6937637c9d082e153424
Evraa/FiD-train,ParlAI/.github/workflows/lint.yml,ff340771513bb0b4de08b002999fa05ce58e6240
Doric-Blockchain/doric-explorer,.github/workflows/publish-docker-image-for-l2-staging.yml,c3bdc7522ad6b5b9c41cf443e2de43521c947e1a
svopper/munaiah-analyser,out/px4/NuttX/.github_workflows_cancel.yml,3ac9cc289a3ab482e5356eaddae9ceec293d7de2
excel-azmin/Frappe-Docker,.github/workflows/build_stable.yml,d11cc87ecd956fcc4a1976ae76f1b435d2965f03
ouzzkp/ouzzkp,snake.yml,503373fd8516cd0dba21999027dd1736558eb182
infainiteltd/datachat,.github/workflows/build-docker.yml,ee70583d422a07938bf15d86b34c57a2a5f199c6
GenuineArt/langflow-ai,.github/workflows/nightly_build.yml,182529abd2e6025d8310ac74c25e607fb1deb31a
gohackerscloud/zapproxy,.github/workflows/release-weekly.yml,a2ba37d866586dbb05cbb9b7fed6133c5ea30493
gohackerscloud/zapproxy,.github/workflows/handle-release.yml,1cd891871486bbade926b43374ca5e59f90bfbe8
AgazzottiR/CMakeTemplate,external/json/.github/workflows/ubuntu.yml,14b54348aeac61f7786994a4508c534019b09938
GenuineArt/langflow-ai,.github/workflows/release_nightly.yml,eb52173ca7fe3434713e8aee2728f19f34379489
HETONGAPP/qgroundcontrol,.github/workflows/windows_release.yml,a58b6838169f3338659e517ae0ba55c0355ab332
SJH-commit/skills-publish-packages,.publish.yml,91217c4e90695cc5adba934bef04ea57f982ac92
ModernAppsNinja/vspheretanzu101_vt7301,static/old_workflows/publish_course.yml,2b0b9f2b5dc193b9ee014c6ed7c528ad2fe5b4c2
cpbritton/devicie-bot,.github/workflows/comment_coverage.yml,9016ed1d566e2d1b2beb4f22091864ef1e27d243
Vkhai2504/free-vps12,BiiuhRDP2.yml,091afbc5ab9303332291c3bb06b1b5442f770eca
svopper/munaiah-analyser,out/buchen/portfolio/.github_workflows_main.yml,c91ba955007c3e822b4aa568a11a3533a633d4ef
HETONGAPP/qgroundcontrol,.github/workflows/android_64_release.yml,ec85ae2f37abb059c7a2041e8e0b0597d8910899
HETONGAPP/qgroundcontrol,.github/workflows/android_32_release.yml,9cf724979aa6aae780cb9af47c8f7ebb2559e2e9
11PRIMUS/11PRIMUS,s.yml,a0703abec8956a6a4f3b855e1d8bbd4e20cc6bad
iana-rodyakina/actions-february-2025,1.yml,fa47429be3f255a7ffad49a399ccf786990b4675
kaizenacademy/actions-february-2025,2.yml,ddfeb8d50882bd42513a28c383df3e40b16519b9
iana-rodyakina/actions-february-2025,2.yml,d10a1e6ccfcd2d7efcd9057db0eb7a07e6f4f0c6
bleualien/bleualien,m.yml,c2d4c524485759a93996e1d8466dbd369706cb7b
BibigulKosherova/actions-february-2025,1.yml,92fbe348a4e6f2e466f119ae7db2da4d0b556424
